{"episode_reward": [112.58480000000053], "nb_steps": [1082], "mean_absolute_error": [0.2901661207554517], "loss": [0.0019459617457566007], "mean_eps": [0.1400000000000011], "nb_episode_steps": [1082], "duration": [61.509196043014526], "episode": [0], "mean_q": [0.4094448577371185]}