{"episode_reward": [561.7574999999991], "nb_steps": [613], "mean_absolute_error": [0.6721503275928767], "loss": [0.16011207792666152], "mean_eps": [0.7012000000000002], "nb_episode_steps": [613], "duration": [83.92378401756287], "episode": [0], "mean_q": [1.0481283124932583]}