{"episode_reward": [275.3099000000002, 615.2947999999964, 135.28809999999984, 875.1389999999939, 458.2456000000004, 423.52829999999926, 638.1520000000006, 366.0204, 416.26449999999943, 755.3636000000073, 551.4627999999987, 775.3820000000004, 1026.9051000000063, 1128.5397999999893, 631.9851999999963], "nb_steps": [321, 1017, 1176, 2168, 2684, 3163, 3885, 4297, 4769, 5621, 6230, 7125, 8269, 9533, 10257], "mean_absolute_error": [8.357309252900237, 0.9191436836089211, 0.9605205471699054, 0.9852726637355743, 0.984322119590848, 0.9918427407741547, 0.9864305300607207, 0.9899756416533757, 0.9805182945930352, 0.9825503182523128, 0.9930133917614034, 0.9914372087057147, 0.9870103812301075, 0.9924188978687117, 1.2719075699537499], "loss": [7.141345345389495, 0.009973200477978172, 0.02326882451486129, 0.022114388701025275, 0.01707211342936223, 0.017215083019497493, 0.017292141430697388, 0.019477384870202796, 0.01714533920226208, 0.01654627495948138, 0.01763640728926188, 0.017350555684450746, 0.017236525064230068, 0.019309689423446602, 0.032469707035629375], "mean_eps": [0.8326000000000001, 0.3972068965517241, 0.10000000000000006, 0.10000000000000034, 0.09999999999999977, 0.09999999999999978, 0.09999999999999994, 0.0999999999999998, 0.09999999999999978, 0.10000000000000016, 0.09999999999999976, 0.10000000000000021, 0.10000000000000048, 0.10000000000000056, 0.09999999999999994], "nb_episode_steps": [321, 696, 159, 992, 516, 479, 722, 412, 472, 852, 609, 895, 1144, 1264, 724], "duration": [27.35166597366333, 60.85812997817993, 15.147279024124146, 77.19957184791565, 40.51760196685791, 34.512341022491455, 52.23552703857422, 29.61068105697632, 33.70692205429077, 63.603179931640625, 45.75298595428467, 61.70084285736084, 82.79771018028259, 97.23145508766174, 55.38546586036682], "episode": [0, 1, 2, 3, 4, 5, 6, 7, 8, 9, 10, 11, 12, 13, 14], "mean_q": [9.241424195906696, 1.2701699726883022, 1.3823392238372412, 1.418174531190626, 1.3761602159618407, 1.376096244653066, 1.3884232004703079, 1.4138312339782715, 1.3799898048578683, 1.3762024338816252, 1.4123160548900302, 1.403653668505805, 1.403068066476942, 1.4158223637297183, 1.7838390749462403]}